<?xml version="1.0" encoding="UTF-8"?>
<scheme name="Visual Studio 2017" version="1" parent_scheme="Default">
	<option name="LINE_SPACING" value="1.0" />
	<option name="EDITOR_FONT_SIZE" value="12" />
	<option name="EDITOR_FONT_NAME" value="Menlo" />
	<colors>
		<option name="ADDED_LINES_COLOR" value="295622" />
		<option name="ANNOTATIONS_COLOR" value="8b999f" />
		<option name="CARET_COLOR" value="ced8df" />
		<option name="CARET_ROW_COLOR" value="232d32" />
		<option name="CONSOLE_BACKGROUND_KEY" value="2b2b2b" />
		<option name="FILESTATUS_ADDED" value="629755" />
		<option name="FILESTATUS_DELETED" value="6c6c6c" />
		<option name="FILESTATUS_IDEA_FILESTATUS_DELETED_FROM_FILE_SYSTEM" value="6c6c6c" />
		<option name="FILESTATUS_IDEA_FILESTATUS_IGNORED" value="848504" />
		<option name="FILESTATUS_IDEA_FILESTATUS_MERGED_WITH_BOTH_CONFLICTS" value="d5756c" />
		<option name="FILESTATUS_IDEA_FILESTATUS_MERGED_WITH_CONFLICTS" value="d5756c" />
		<option name="FILESTATUS_IDEA_FILESTATUS_MERGED_WITH_PROPERTY_CONFLICTS" value="d5756c" />
		<option name="FILESTATUS_MERGED" value="9876aa" />
		<option name="FILESTATUS_MODIFIED" value="6897bb" />
		<option name="FILESTATUS_NOT_CHANGED_IMMEDIATE" value="6897bb" />
		<option name="FILESTATUS_NOT_CHANGED_RECURSIVE" value="6897bb" />
		<option name="FILESTATUS_UNKNOWN" value="d1675a" />
		<option name="FILESTATUS_addedOutside" value="629755" />
		<option name="FILESTATUS_changelistConflict" value="d5756c" />
		<option name="FILESTATUS_modifiedOutside" value="6897bb" />
		<option name="GUTTER_BACKGROUND" value="313335" />
		<option name="INDENT_GUIDE" value="232e34" />
		<option name="LINE_NUMBERS_COLOR" value="000000" />
		<option name="METHOD_SEPARATORS_COLOR" value="4d4d4d" />
		<option name="MODIFIED_LINES_COLOR" value="415f69" />
		<option name="NOTIFICATION_BACKGROUND" value="5c5c42" />
		<option name="READONLY_FRAGMENT_BACKGROUND" value="000000" />
		<option name="RECURSIVE_CALL_ATTRIBUTES" value="574300" />
		<option name="RIGHT_MARGIN_COLOR" value="323232" />
		<option name="SELECTED_INDENT_GUIDE" value="505050" />
		<option name="SELECTED_TEARLINE_COLOR" value="696969" />
		<option name="SELECTION_BACKGROUND" value="214283" />
		<option name="SELECTION_FOREGROUND" value="000000" />
		<option name="TEARLINE_COLOR" value="313335" />
		<option name="VCS_ANNOTATIONS_COLOR_1" value="313335" />
		<option name="VCS_ANNOTATIONS_COLOR_2" value="000000" />
		<option name="VCS_ANNOTATIONS_COLOR_3" value="000000" />
		<option name="VCS_ANNOTATIONS_COLOR_4" value="000000" />
		<option name="VCS_ANNOTATIONS_COLOR_5" value="000000" />
		<option name="WHITESPACES" value="505050" />
		<option name="WHITESPACES_MODIFIED_LINES_COLOR" value="304141" />
	</colors>
	<attributes>
		<option name="ANNOTATION_ATTRIBUTE_NAME_ATTRIBUTES">
			<value>
				<option name="FOREGROUND" value="d0d0ff" />
			</value>
		</option>
		<option name="ANNOTATION_NAME_ATTRIBUTES">
			<value>
				<option name="FOREGROUND" value="bbb529" />
				<option name="EFFECT_TYPE" value="1" />
			</value>
		</option>
		<option name="BAD_CHARACTER">
			<value>
				<option name="EFFECT_TYPE" value="2" />
				<option name="EFFECT_COLOR" value="ff0000" />
			</value>
		</option>
		<option name="BLADE_DIRECTIVE">
			<value>
				<option name="FONT_TYPE" value="1" />
				<option name="FOREGROUND" value="d6666a" />
			</value>
		</option>
		<option name="BREAKPOINT_ATTRIBUTES">
			<value>
				<option name="BACKGROUND" value="3a2323" />
			</value>
		</option>
		<option name="CONSOLE_BLUE_BRIGHT_OUTPUT">
			<value>
				<option name="FOREGROUND" value="7eaef1" />
			</value>
		</option>
		<option name="CONSOLE_BLUE_OUTPUT">
			<value>
				<option name="FOREGROUND" value="5394ec" />
			</value>
		</option>
		<option name="CONSOLE_CYAN_BRIGHT_OUTPUT">
			<value>
				<option name="FOREGROUND" value="6cdada" />
			</value>
		</option>
		<option name="CONSOLE_CYAN_OUTPUT">
			<value>
				<option name="FOREGROUND" value="33cccc" />
			</value>
		</option>
		<option name="CONSOLE_ERROR_OUTPUT">
			<value>
				<option name="FOREGROUND" value="762d1e" />
			</value>
		</option>
		<option name="CONSOLE_GRAY_OUTPUT">
			<value>
				<option name="FOREGROUND" value="999999" />
			</value>
		</option>
		<option name="CONSOLE_GREEN_BRIGHT_OUTPUT">
			<value>
				<option name="FOREGROUND" value="70ff70" />
			</value>
		</option>
		<option name="CONSOLE_GREEN_OUTPUT">
			<value>
				<option name="FOREGROUND" value="007f00" />
			</value>
		</option>
		<option name="CONSOLE_MAGENTA_BRIGHT_OUTPUT">
			<value>
				<option name="FOREGROUND" value="ff99ff" />
			</value>
		</option>
		<option name="CONSOLE_MAGENTA_OUTPUT">
			<value>
				<option name="FOREGROUND" value="ff70ff" />
			</value>
		</option>
		<option name="CONSOLE_NORMAL_OUTPUT">
			<value>
				<option name="FOREGROUND" value="bbbbbb" />
			</value>
		</option>
		<option name="CONSOLE_RED_BRIGHT_OUTPUT">
			<value>
				<option name="FOREGROUND" value="ff8785" />
			</value>
		</option>
		<option name="CONSOLE_RED_OUTPUT">
			<value>
				<option name="FOREGROUND" value="762d1e" />
			</value>
		</option>
		<option name="CONSOLE_SYSTEM_OUTPUT">
			<value>
				<option name="FOREGROUND" value="bbbbbb" />
			</value>
		</option>
		<option name="CONSOLE_WHITE_OUTPUT">
			<value>
				<option name="FOREGROUND" value="bbbbbb" />
			</value>
		</option>
		<option name="CONSOLE_YELLOW_BRIGHT_OUTPUT">
			<value>
				<option name="FOREGROUND" value="ffff00" />
			</value>
		</option>
		<option name="CONSOLE_YELLOW_OUTPUT">
			<value>
				<option name="FOREGROUND" value="cdcd00" />
			</value>
		</option>
		<option name="CSS$COLOR">
			<value>
				<option name="FOREGROUND" value="6897bb" />
			</value>
		</option>
		<option name="CSS$COMMENT">
			<value>
				<option name="FOREGROUND" value="808080" />
			</value>
		</option>
		<option name="CSS$FUNCTION">
			<value>
				<option name="FOREGROUND" value="ffc66d" />
			</value>
		</option>
		<option name="CSS$IDENT">
			<value>
				<option name="FOREGROUND" value="ffc66d" />
			</value>
		</option>
		<option name="CSS$IMPORTANT">
			<value>
				<option name="FONT_TYPE" value="1" />
				<option name="FOREGROUND" value="cc7832" />
			</value>
		</option>
		<option name="CSS$KEYWORD">
			<value>
				<option name="FOREGROUND" value="cc7832" />
			</value>
		</option>
		<option name="CSS$NUMBER">
			<value>
				<option name="FOREGROUND" value="6897bb" />
			</value>
		</option>
		<option name="CSS$PROPERTY_NAME">
			<value>
				<option name="FOREGROUND" value="9876aa" />
			</value>
		</option>
		<option name="CSS$PROPERTY_VALUE">
			<value>
				<option name="FOREGROUND" value="a9b7c6" />
			</value>
		</option>
		<option name="CSS$STRING">
			<value>
				<option name="FOREGROUND" value="a5c261" />
			</value>
		</option>
		<option name="CSS$TAG_NAME">
			<value>
				<option name="FOREGROUND" value="cc7832" />
			</value>
		</option>
		<option name="CSS$URL">
			<value>
				<option name="FOREGROUND" value="287bde" />
			</value>
		</option>
		<option name="CTRL_CLICKABLE">
			<value>
				<option name="FOREGROUND" value="589df6" />
				<option name="EFFECT_TYPE" value="1" />
				<option name="EFFECT_COLOR" value="589df6" />
			</value>
		</option>
		<option name="CUSTOM_KEYWORD1_ATTRIBUTES">
			<value>
				<option name="FOREGROUND" value="cc7832" />
			</value>
		</option>
		<option name="CUSTOM_KEYWORD2_ATTRIBUTES">
			<value>
				<option name="FOREGROUND" value="ab51ba" />
			</value>
		</option>
		<option name="CUSTOM_KEYWORD3_ATTRIBUTES">
			<value>
				<option name="FOREGROUND" value="0f9795" />
			</value>
		</option>
		<option name="CUSTOM_KEYWORD4_ATTRIBUTES">
			<value>
				<option name="FOREGROUND" value="c93b48" />
				<option name="EFFECT_TYPE" value="1" />
			</value>
		</option>
		<option name="CUSTOM_NUMBER_ATTRIBUTES">
			<value>
				<option name="FOREGROUND" value="6897bb" />
			</value>
		</option>
		<option name="CUSTOM_STRING_ATTRIBUTES">
			<value>
				<option name="FOREGROUND" value="6a8759" />
			</value>
		</option>
		<option name="CUSTOM_VALID_STRING_ESCAPE_ATTRIBUTES">
			<value>
				<option name="FOREGROUND" value="4646f1" />
			</value>
		</option>
		<option name="DEFAULT_ATTRIBUTE">
			<value>
				<option name="FONT_TYPE" value="1" />
				<option name="FOREGROUND" value="1e9ab4" />
			</value>
		</option>
		<option name="DEFAULT_CLASS_NAME">
			<value>
				<option name="FOREGROUND" value="4ec9b0" />
			</value>
		</option>
		<option name="DEFAULT_CLASS_REFERENCE">
			<value>
				<option name="FOREGROUND" value="4ec9b0" />
			</value>
		</option>
		<option name="DEFAULT_CONSTANT">
			<value>
				<option name="FOREGROUND" value="ae81ff" />
				<option name="EFFECT_TYPE" value="1" />
			</value>
		</option>
		<option name="DEFAULT_DOC_COMMENT">
			<value>
				<option name="FONT_TYPE" value="2" />
				<option name="FOREGROUND" value="515355" />
			</value>
		</option>
		<option name="DEFAULT_DOC_COMMENT_TAG">
			<value>
				<option name="FONT_TYPE" value="3" />
				<option name="FOREGROUND" value="636d61" />
				<option name="EFFECT_TYPE" value="1" />
				<option name="EFFECT_COLOR" value="526d4a" />
			</value>
		</option>
		<option name="DEFAULT_DOC_MARKUP">
			<value>
				<option name="FOREGROUND" value="727e7e" />
			</value>
		</option>
		<option name="DEFAULT_ENTITY">
			<value>
				<option name="FONT_TYPE" value="1" />
				<option name="FOREGROUND" value="487db4" />
			</value>
		</option>
		<option name="DEFAULT_FUNCTION_CALL">
			<value>
				<option name="FOREGROUND" value="cc7833" />
			</value>
		</option>
		<option name="DEFAULT_FUNCTION_DECLARATION">
			<value>
				<option name="FOREGROUND" value="dcdcdc" />
			</value>
		</option>
		<option name="DEFAULT_GLOBAL_VARIABLE">
			<value>
				<option name="FOREGROUND" value="dcdcdc" />
			</value>
		</option>
		<option name="DEFAULT_IDENTIFIER">
			<value>
				<option name="FOREGROUND" value="dcdcdc" />
			</value>
		</option>
		<option name="DEFAULT_INSTANCE_FIELD">
			<value>
				<option name="FOREGROUND" value="dcdcdc" />
			</value>
		</option>
		<option name="DEFAULT_INSTANCE_METHOD">
			<value>
				<option name="FOREGROUND" value="dcdcdc" />
			</value>
		</option>
		<option name="DEFAULT_INTERFACE_NAME">
			<value>
				<option name="FOREGROUND" value="4ec9b0" />
			</value>
		</option>
		<option name="DEFAULT_INVALID_STRING_ESCAPE">
			<value>
				<option name="FOREGROUND" value="6a8759" />
				<option name="EFFECT_TYPE" value="2" />
				<option name="EFFECT_COLOR" value="ff0000" />
			</value>
		</option>
		<option name="DEFAULT_KEYWORD">
			<value>
				<option name="FONT_TYPE" value="1" />
				<option name="FOREGROUND" value="569cd6" />
			</value>
		</option>
		<option name="DEFAULT_LINE_COMMENT">
			<value>
				<option name="FOREGROUND" value="5b5c5f" />
			</value>
		</option>
		<option name="DEFAULT_LOCAL_VARIABLE">
			<value>
				<option name="FOREGROUND" value="dcdcdc" />
			</value>
		</option>
		<option name="DEFAULT_METADATA">
			<value>
				<option name="FOREGROUND" value="bbb529" />
			</value>
		</option>
		<option name="DEFAULT_NUMBER">
			<value>
				<option name="FOREGROUND" value="b5cea8" />
			</value>
		</option>
		<option name="DEFAULT_OPERATION_SIGN">
			<value>
				<option name="FOREGROUND" value="b4b4b4" />
			</value>
		</option>
		<option name="DEFAULT_SEMICOLON">
			<value>
				<option name="FOREGROUND" value="dcdcdc" />
			</value>
		</option>
		<option name="DEFAULT_STATIC_FIELD">
			<value>
				<option name="FOREGROUND" value="dcdcdc" />
			</value>
		</option>
		<option name="DEFAULT_STATIC_METHOD">
			<value>
				<option name="FONT_TYPE" value="2" />
				<option name="FOREGROUND" value="ffc66d" />
			</value>
		</option>
		<option name="DEFAULT_STRING">
			<value>
				<option name="FOREGROUND" value="c3a388" />
			</value>
		</option>
		<option name="DEFAULT_TEMPLATE_LANGUAGE_COLOR">
			<value>
				<option name="FOREGROUND" value="ad99c6" />
				<option name="EFFECT_TYPE" value="5" />
			</value>
		</option>
		<option name="DEFAULT_VALID_STRING_ESCAPE">
			<value>
				<option name="FOREGROUND" value="cc7832" />
			</value>
		</option>
		<option name="DELETED_TEXT_ATTRIBUTES">
			<value>
				<option name="FOREGROUND" value="bbbbbb" />
				<option name="BACKGROUND" value="450505" />
				<option name="EFFECT_TYPE" value="3" />
				<option name="EFFECT_COLOR" value="c3c3c3" />
			</value>
		</option>
		<option name="DEPRECATED_ATTRIBUTES">
			<value>
				<option name="EFFECT_TYPE" value="3" />
				<option name="EFFECT_COLOR" value="c3c3c3" />
			</value>
		</option>
		<option name="DIFF_CONFLICT">
			<value>
				<option name="BACKGROUND" value="45302b" />
				<option name="ERROR_STRIPE_COLOR" value="8f5247" />
			</value>
		</option>
		<option name="DIFF_DELETED">
			<value>
				<option name="BACKGROUND" value="484a4a" />
				<option name="ERROR_STRIPE_COLOR" value="656e76" />
			</value>
		</option>
		<option name="DIFF_INSERTED">
			<value>
				<option name="BACKGROUND" value="294436" />
				<option name="ERROR_STRIPE_COLOR" value="447152" />
			</value>
		</option>
		<option name="DIFF_MODIFIED">
			<value>
				<option name="BACKGROUND" value="385570" />
				<option name="ERROR_STRIPE_COLOR" value="43698d" />
			</value>
		</option>
		<option name="DOC_COMMENT_TAG_VALUE">
			<value>
				<option name="FOREGROUND" value="8a653b" />
			</value>
		</option>
		<option name="DUPLICATE_FROM_SERVER">
			<value>
				<option name="BACKGROUND" value="5e5339" />
			</value>
		</option>
		<option name="ERRORS_ATTRIBUTES">
			<value>
				<option name="ERROR_STRIPE_COLOR" value="bc3f3c" />
				<option name="EFFECT_TYPE" value="2" />
				<option name="EFFECT_COLOR" value="bc3f3c" />
			</value>
		</option>
		<option name="EXECUTIONPOINT_ATTRIBUTES">
			<value>
				<option name="BACKGROUND" value="2d6099" />
			</value>
		</option>
		<option name="FOLDED_TEXT_ATTRIBUTES">
			<value>
				<option name="FOREGROUND" value="8c8c8c" />
			</value>
		</option>
		<option name="FOLLOWED_HYPERLINK_ATTRIBUTES">
			<value>
				<option name="FOREGROUND" value="287bde" />
				<option name="EFFECT_TYPE" value="1" />
				<option name="EFFECT_COLOR" value="287bde" />
			</value>
		</option>
		<option name="GENERIC_SERVER_ERROR_OR_WARNING">
			<value>
				<option name="ERROR_STRIPE_COLOR" value="f49810" />
				<option name="EFFECT_TYPE" value="1" />
				<option name="EFFECT_COLOR" value="f49810" />
			</value>
		</option>
		<option name="GROOVY_KEYWORD">
			<value>
				<option name="FOREGROUND" value="cc7832" />
			</value>
		</option>
		<option name="GString">
			<value>
				<option name="FOREGROUND" value="6a8759" />
			</value>
		</option>
		<option name="Groovydoc comment">
			<value>
				<option name="FONT_TYPE" value="2" />
				<option name="FOREGROUND" value="629755" />
			</value>
		</option>
		<option name="Groovydoc tag">
			<value>
				<option name="FOREGROUND" value="7cb36f" />
				<option name="EFFECT_TYPE" value="1" />
			</value>
		</option>
		<option name="HTML_ATTRIBUTE_NAME">
			<value>
				<option name="FOREGROUND" value="abc9c4" />
			</value>
		</option>
		<option name="HTML_ENTITY_REFERENCE">
			<value>
				<option name="FOREGROUND" value="6d9cbe" />
			</value>
		</option>
		<option name="HTML_TAG">
			<value>
				<option name="FOREGROUND" value="5a6f80" />
			</value>
		</option>
		<option name="HTML_TAG_NAME">
			<value>
				<option name="FONT_TYPE" value="1" />
				<option name="FOREGROUND" value="15b0c3" />
			</value>
		</option>
		<option name="HYPERLINK_ATTRIBUTES">
			<value>
				<option name="FOREGROUND" value="287bde" />
				<option name="EFFECT_TYPE" value="1" />
				<option name="EFFECT_COLOR" value="287bde" />
			</value>
		</option>
		<option name="IDENTIFIER_UNDER_CARET_ATTRIBUTES">
			<value>
				<option name="ERROR_STRIPE_COLOR" value="5d8e48" />
				<option name="EFFECT_TYPE" value="1" />
			</value>
		</option>
		<option name="IMPLICIT_ANONYMOUS_CLASS_PARAMETER_ATTRIBUTES">
			<value>
				<option name="FOREGROUND" value="b389c5" />
				<option name="EFFECT_TYPE" value="1" />
				<option name="EFFECT_COLOR" value="b389c5" />
			</value>
		</option>
		<option name="INFO_ATTRIBUTES">
			<value>
				<option name="ERROR_STRIPE_COLOR" value="aeae80" />
				<option name="EFFECT_TYPE" value="1" />
			</value>
		</option>
		<option name="INSTANCE_FIELD_ATTRIBUTES">
			<value>
				<option name="FOREGROUND" value="9876aa" />
				<option name="EFFECT_TYPE" value="1" />
			</value>
		</option>
		<option name="JAVA_DOC_COMMENT">
			<value>
				<option name="FOREGROUND" value="629755" />
			</value>
		</option>
		<option name="JAVA_DOC_TAG">
			<value>
				<option name="EFFECT_TYPE" value="1" />
			</value>
		</option>
		<option name="JS$BADCHARACTER">
			<value>
				<option name="EFFECT_TYPE" value="2" />
				<option name="EFFECT_COLOR" value="ff0000" />
			</value>
		</option>
		<option name="JS$BLOCK_COMMENT">
			<value>
				<option name="FONT_TYPE" value="2" />
				<option name="FOREGROUND" value="109100" />
			</value>
		</option>
		<option name="JS$DECORATOR">
			<value>
				<option name="FOREGROUND" value="4dc796" />
			</value>
		</option>
		<option name="JS$DOC_COMMENT">
			<value>
				<option name="FONT_TYPE" value="2" />
				<option name="FOREGROUND" value="109100" />
			</value>
		</option>
		<option name="JS$DOC_TAG">
			<value>
				<option name="FONT_TYPE" value="3" />
				<option name="FOREGROUND" value="86be7f" />
				<option name="EFFECT_TYPE" value="1" />
				<option name="EFFECT_COLOR" value="526d4a" />
			</value>
		</option>
		<option name="JS$GLOBAL_FUNCTION">
			<value>
				<option name="FONT_TYPE" value="1" />
				<option name="FOREGROUND" value="dcdcdc" />
			</value>
		</option>
		<option name="JS$GLOBAL_VARIABLE">
			<value>
				<option name="FOREGROUND" value="d78b85" />
				<option name="EFFECT_TYPE" value="1" />
				<option name="EFFECT_COLOR" value="d78b85" />
			</value>
		</option>
		<option name="JS$INSTANCE_MEMBER_FUNCTION">
			<value>
				<option name="FOREGROUND" value="4dc796" />
			</value>
		</option>
		<option name="JS$INSTANCE_MEMBER_VARIABLE">
			<value>
				<option name="FOREGROUND" value="ffffff" />
			</value>
		</option>
		<option name="JS$KEYWORD">
			<value>
				<option name="FONT_TYPE" value="1" />
				<option name="FOREGROUND" value="3f8bd6" />
			</value>
		</option>
		<option name="JS$LINE_COMMENT">
			<value>
				<option name="FOREGROUND" value="109100" />
			</value>
		</option>
		<option name="JS$LOCAL_VARIABLE">
			<value>
				<option name="FOREGROUND" value="ffffff" />
			</value>
		</option>
		<option name="JS$PARAMETER">
			<value>
				<option name="FOREGROUND" value="e3d4b4" />
				<option name="EFFECT_TYPE" value="1" />
			</value>
		</option>
		<option name="JS$REGEXP">
			<value>
				<option name="FOREGROUND" value="2eceff" />
			</value>
		</option>
		<option name="JS$STRING">
			<value>
				<option name="FOREGROUND" value="d69d85" />
			</value>
		</option>
		<option name="LINE_FULL_COVERAGE">
			<value>
				<option name="FONT_TYPE" value="1" />
				<option name="FOREGROUND" value="485848" />
			</value>
		</option>
		<option name="LINE_NONE_COVERAGE">
			<value>
				<option name="FONT_TYPE" value="1" />
				<option name="FOREGROUND" value="715353" />
			</value>
		</option>
		<option name="LINE_PARTIAL_COVERAGE">
			<value>
				<option name="FONT_TYPE" value="1" />
				<option name="FOREGROUND" value="80805a" />
			</value>
		</option>
		<option name="LOG_ERROR_OUTPUT">
			<value>
				<option name="FOREGROUND" value="ff6b68" />
			</value>
		</option>
		<option name="LOG_EXPIRED_ENTRY">
			<value>
				<option name="FOREGROUND" value="8a8a8a" />
			</value>
		</option>
		<option name="List/map to object conversion">
			<value>
				<option name="FONT_TYPE" value="1" />
				<option name="FOREGROUND" value="e8bf6a" />
			</value>
		</option>
		<option name="MATCHED_BRACE_ATTRIBUTES">
			<value>
				<option name="FONT_TYPE" value="1" />
				<option name="FOREGROUND" value="ffef28" />
				<option name="BACKGROUND" value="3b514d" />
			</value>
		</option>
		<option name="METHOD_DECLARATION_ATTRIBUTES">
			<value>
				<option name="FOREGROUND" value="ffc66d" />
			</value>
		</option>
		<option name="NOT_USED_ELEMENT_ATTRIBUTES">
			<value>
				<option name="FOREGROUND" value="808080" />
				<option name="EFFECT_TYPE" value="2" />
				<option name="EFFECT_COLOR" value="808080" />
			</value>
		</option>
		<option name="OC$CLASS_REFERENCE">
			<value>
				<option name="FOREGROUND" value="769aa5" />
			</value>
		</option>
		<option name="OC$CONDITIONALLY_NOT_COMPILED">
			<value>
				<option name="FOREGROUND" value="536c46" />
			</value>
		</option>
		<option name="OC$CPP_KEYWORD">
			<value>
				<option name="FOREGROUND" value="cc7832" />
			</value>
		</option>
		<option name="OC$DIRECTIVE">
			<value>
				<option name="FOREGROUND" value="80b000" />
			</value>
		</option>
		<option name="OC$ENUM_CONST">
			<value>
				<option name="FOREGROUND" value="9373a5" />
			</value>
		</option>
		<option name="OC$IVAR">
			<value>
				<option name="FOREGROUND" value="9373a5" />
			</value>
		</option>
		<option name="OC$KEYWORD">
			<value>
				<option name="FOREGROUND" value="cc7832" />
			</value>
		</option>
		<option name="OC$LABEL">
			<value>
				<option name="FONT_TYPE" value="2" />
			</value>
		</option>
		<option name="OC$MACRONAME">
			<value>
				<option name="FOREGROUND" value="908b25" />
			</value>
		</option>
		<option name="OC$MESSAGE_ARGUMENT">
			<value>
				<option name="FOREGROUND" value="c4b3a3" />
			</value>
		</option>
		<option name="OC$NUMBER">
			<value>
				<option name="FOREGROUND" value="6897bb" />
			</value>
		</option>
		<option name="OC$PROPERTY">
			<value>
				<option name="FOREGROUND" value="cdbcac" />
			</value>
		</option>
		<option name="OC$SELFSUPERTHIS">
			<value>
				<option name="FOREGROUND" value="cc7832" />
			</value>
		</option>
		<option name="OC$STRING">
			<value>
				<option name="FOREGROUND" value="6a8759" />
			</value>
		</option>
		<option name="OC$STRUCT_FIELD">
			<value>
				<option name="FOREGROUND" value="9373a5" />
			</value>
		</option>
		<option name="OC$TYPEDEF">
			<value>
				<option name="FOREGROUND" value="c7c8f5" />
			</value>
		</option>
		<option name="OC_FORMAT_TOKEN">
			<value>
				<option name="FOREGROUND" value="cc7832" />
			</value>
		</option>
		<option name="PHP_CONSTANT">
			<value>
				<option name="FOREGROUND" value="dcdcdc" />
			</value>
		</option>
		<option name="PHP_DOC_TAG">
			<value>
				<option name="FOREGROUND" value="636d61" />
				<option name="EFFECT_TYPE" value="1" />
				<option name="EFFECT_COLOR" value="526d4a" />
			</value>
		</option>
		<option name="PHP_ESCAPE_SEQUENCE">
			<value>
				<option name="FOREGROUND" value="e6db74" />
			</value>
		</option>
		<option name="PHP_EXEC_COMMAND_ID">
			<value>
				<option name="FOREGROUND" value="a5c25c" />
				<option name="BACKGROUND" value="5e6465" />
			</value>
		</option>
		<option name="PHP_FUNCTION_CALL">
			<value>
				<option name="FOREGROUND" value="b5a8e1" />
			</value>
		</option>
		<option name="PHP_IDENTIFIER">
			<value>
				<option name="FOREGROUND" value="4ec9b0" />
			</value>
		</option>
		<option name="PHP_PARAMETER">
			<value>
				<option name="FOREGROUND" value="b5a8e1" />
			</value>
		</option>
		<option name="PHP_SCRIPTING_BACKGROUND">
			<value>
				<option name="FOREGROUND" value="a6a3a6" />
				<option name="EFFECT_TYPE" value="5" />
			</value>
		</option>
		<option name="PHP_STATIC_METHOD">
			<value>
				<option name="FONT_TYPE" value="2" />
				<option name="FOREGROUND" value="b5cea8" />
			</value>
		</option>
		<option name="PHP_TAG">
			<value>
				<option name="FONT_TYPE" value="1" />
				<option name="FOREGROUND" value="d65942" />
			</value>
		</option>
		<option name="PHP_VAR">
			<value>
				<option name="FOREGROUND" value="dcdcdc" />
			</value>
		</option>
		<option name="PHP_VAR_VAR">
			<value>
				<option name="FOREGROUND" value="a6e22e" />
			</value>
		</option>
		<option name="PROTOCOL_REFERENCE">
			<value>
				<option name="FOREGROUND" value="219598" />
			</value>
		</option>
		<option name="REST$FIXED">
			<value>
				<option name="BACKGROUND" value="0a3a08" />
			</value>
		</option>
		<option name="REST$INLINE">
			<value>
				<option name="BACKGROUND" value="236423" />
			</value>
		</option>
		<option name="REST$INTERPRETED">
			<value>
				<option name="BACKGROUND" value="15463c" />
			</value>
		</option>
		<option name="SASS_MIXIN">
			<value>
				<option name="FOREGROUND" value="d0d0ff" />
			</value>
		</option>
		<option name="SEARCH_RESULT_ATTRIBUTES">
			<value>
				<option name="BACKGROUND" value="155221" />
				<option name="ERROR_STRIPE_COLOR" value="246e00" />
			</value>
		</option>
		<option name="SPY-JS$EXCEPTION">
			<value>
				<option name="BACKGROUND" value="532b2e" />
				<option name="EFFECT_TYPE" value="2" />
			</value>
		</option>
		<option name="SPY-JS$FUNCTION_SCOPE">
			<value>
				<option name="BACKGROUND" value="3a3a3a" />
				<option name="EFFECT_TYPE" value="2" />
			</value>
		</option>
		<option name="SPY-JS$PATH_LEVEL_ONE">
			<value>
				<option name="BACKGROUND" value="425f44" />
				<option name="EFFECT_TYPE" value="2" />
			</value>
		</option>
		<option name="SPY-JS$PATH_LEVEL_TWO">
			<value>
				<option name="EFFECT_TYPE" value="1" />
				<option name="EFFECT_COLOR" value="a9b7c6" />
			</value>
		</option>
		<option name="SPY-JS$PROGRAM_SCOPE">
			<value>
				<option name="BACKGROUND" value="3a3a3a" />
				<option name="EFFECT_TYPE" value="2" />
			</value>
		</option>
		<option name="SPY-JS$VALUE_HINT">
			<value>
				<option name="EFFECT_COLOR" value="a9b7c6" />
			</value>
		</option>
		<option name="SQL_COLUMN">
			<value>
				<option name="FONT_TYPE" value="2" />
				<option name="FOREGROUND" value="c9d3dd" />
			</value>
		</option>
		<option name="SQL_KEYWORD">
			<value>
				<option name="FOREGROUND" value="569cd6" />
			</value>
		</option>
		<option name="SQL_PROCEDURE">
			<value>
				<option name="FOREGROUND" value="b5cea8" />
			</value>
		</option>
		<option name="SQL_STRING">
			<value>
				<option name="FOREGROUND" value="a5c261" />
			</value>
		</option>
		<option name="STATIC_FIELD_ATTRIBUTES">
			<value>
				<option name="FONT_TYPE" value="2" />
				<option name="FOREGROUND" value="9876aa" />
				<option name="EFFECT_TYPE" value="1" />
			</value>
		</option>
		<option name="STATIC_FINAL_FIELD_ATTRIBUTES">
			<value>
				<option name="FONT_TYPE" value="2" />
				<option name="FOREGROUND" value="9876aa" />
				<option name="EFFECT_TYPE" value="1" />
			</value>
		</option>
		<option name="Static property reference ID">
			<value>
				<option name="FONT_TYPE" value="2" />
				<option name="FOREGROUND" value="9876aa" />
			</value>
		</option>
		<option name="TEMPLATE_VARIABLE_ATTRIBUTES">
			<value>
				<option name="FOREGROUND" value="ae8abe" />
			</value>
		</option>
		<option name="TEXT">
			<value>
				<option name="FOREGROUND" value="a9b7c6" />
				<option name="BACKGROUND" value="1f292d" />
				<option name="EFFECT_TYPE" value="5" />
			</value>
		</option>
		<option name="TEXT_SEARCH_RESULT_ATTRIBUTES">
			<value>
				<option name="BACKGROUND" value="425f44" />
				<option name="ERROR_STRIPE_COLOR" value="425f44" />
				<option name="EFFECT_COLOR" value="56ac48" />
			</value>
		</option>
		<option name="TODO_DEFAULT_ATTRIBUTES">
			<value>
				<option name="FONT_TYPE" value="2" />
				<option name="FOREGROUND" value="a8c023" />
				<option name="ERROR_STRIPE_COLOR" value="0a74c0" />
			</value>
		</option>
		<option name="TYPE_PARAMETER_NAME_ATTRIBUTES">
			<value>
				<option name="FOREGROUND" value="507874" />
			</value>
		</option>
		<option name="TYPO">
			<value>
				<option name="EFFECT_TYPE" value="2" />
				<option name="EFFECT_COLOR" value="ffcf17" />
			</value>
		</option>
		<option name="UNMATCHED_BRACE_ATTRIBUTES">
			<value>
				<option name="FOREGROUND" value="d1243b" />
			</value>
		</option>
		<option name="Unresolved reference access">
			<value>
				<option name="FOREGROUND" value="808080" />
				<option name="EFFECT_TYPE" value="1" />
				<option name="EFFECT_COLOR" value="808080" />
			</value>
		</option>
		<option name="WARNING_ATTRIBUTES">
			<value>
				<option name="ERROR_STRIPE_COLOR" value="8c8c00" />
				<option name="EFFECT_TYPE" value="2" />
			</value>
		</option>
		<option name="WRITE_IDENTIFIER_UNDER_CARET_ATTRIBUTES">
			<value>
				<option name="BACKGROUND" value="40332b" />
				<option name="ERROR_STRIPE_COLOR" value="cc7832" />
				<option name="EFFECT_TYPE" value="1" />
			</value>
		</option>
		<option name="WRITE_SEARCH_RESULT_ATTRIBUTES">
			<value>
				<option name="BACKGROUND" value="532b2e" />
				<option name="ERROR_STRIPE_COLOR" value="c55450" />
			</value>
		</option>
		<option name="WRONG_REFERENCES_ATTRIBUTES">
			<value>
				<option name="FOREGROUND" value="bc3f3c" />
			</value>
		</option>
		<option name="XML_ATTRIBUTE_NAME">
			<value>
				<option name="FOREGROUND" value="bababa" />
			</value>
		</option>
		<option name="XML_ATTRIBUTE_VALUE">
			<value>
				<option name="FOREGROUND" value="a5c261" />
			</value>
		</option>
		<option name="XML_ENTITY_REFERENCE">
			<value>
				<option name="FOREGROUND" value="6d9cbe" />
			</value>
		</option>
		<option name="XML_PROLOGUE">
			<value>
				<option name="FOREGROUND" value="4ec9b0" />
			</value>
		</option>
		<option name="XML_TAG">
			<value>
				<option name="FOREGROUND" value="b5cea8" />
			</value>
		</option>
		<option name="XML_TAG_NAME">
			<value>
				<option name="FOREGROUND" value="569cd6" />
			</value>
		</option>
		<option name="YAML_COMMENT">
			<value>
				<option name="FONT_TYPE" value="2" />
				<option name="FOREGROUND" value="57a64a" />
			</value>
		</option>
		<option name="YAML_SCALAR_DSTRING">
			<value>
				<option name="FOREGROUND" value="dcdcdc" />
			</value>
		</option>
		<option name="YAML_SCALAR_KEY">
			<value>
				<option name="FOREGROUND" value="569cd6" />
			</value>
		</option>
		<option name="YAML_SCALAR_STRING">
			<value>
				<option name="FOREGROUND" value="b4b4b4" />
			</value>
		</option>
		<option name="YAML_TEXT">
			<value>
				<option name="FOREGROUND" value="b5cea8" />
				<option name="EFFECT_TYPE" value="2" />
			</value>
		</option>
	</attributes>
</scheme>